{"cameraMode":{"drawMode":0,"name":"Shaded","section":"Shading Mode"},"sceneLighting":true,"audioPlay":false,"sceneViewState":{"m_AlwaysRefresh":false,"showFog":true,"showSkybox":true,"showFlares":true,"showImageEffects":true,"showParticleSystems":true,"showVisualEffectGraphs":true,"m_FxEnabled":false},"in2DMode":false,"pivot":{"x":0.04671664535999298,"y":-0.8579146862030029,"z":-0.560110330581665},"rotation":{"x":0.7165756225585938,"y":-0.004184959456324577,"z":0.004299505148082972,"w":0.6974843144416809},"size":3.762148857116699,"orthographic":true}